country: CH
territories: [CH]

holidays:
  # Civil Holidays
  - name: "Jour de l’an"
    type: fixed
    date: "01-01"

  - name: "Instauration de la République"
    type: fixed
    date: "03-01"

  - name: "Fête du Travail"
    type: fixed
    date: "05-01"

  - name: "Commémoration du plébiscite"
    type: fixed
    date: "06-23"

  - name: "Fête nationale"
    type: fixed
    date: "08-01"
    full_name: "Fête nationale suisse"

  - name: "Jeûne genevois"
    type: relative
    expression: "first sunday of september {year}"
    offset_days: 4
    key: jeune_genevois

  - name: "Lundi du Jeûne fédéral"
    type: relative
    expression: "first sunday of september {year}"
    offset_days: 15
    key: jeune_federal

  - name: "Restauration de la République"
    type: fixed
    date: "12-31"

  # Religious Holidays
  - name: "Saint-Berchtold"
    type: fixed
    date: "01-02"

  - name: "Épiphanie"
    type: fixed
    date: "01-06"

  - name: "Saint-Joseph"
    type: fixed
    date: "03-19"

  - name: "Vendredi saint"
    type: easter
    offset: -2
    key: vendredi_saint

  - name: "Pâques"
    type: easter
    offset: 0
    key: paques

  - name: "Lundi de Pâques"
    type: easter
    offset: 1
    key: lundi_paques

  - name: "Ascension"
    type: easter
    offset: 39
    key: ascension
    full_name: "Jeudi de l’Ascension"

  - name: "Pentecôte"
    type: easter
    offset: 49
    key: pentecote

  - name: "Lundi de Pentecôte"
    type: easter
    offset: 50
    key: lundi_pentecote

  - name: "Fête-Dieu"
    type: easter
    offset: 60
    key: fete_dieu

  - name: "Saint-Pierre et Paul"
    type: fixed
    date: "06-29"

  - name: "Assomption"
    type: fixed
    date: "08-15"

  - name: "Fête de Saint-Nicolas-de-Flüe"
    type: fixed
    date: "09-25"

  - name: "Toussaint"
    type: fixed
    date: "11-01"

  - name: "Immaculée Conception"
    type: fixed
    date: "12-09"

  - name: "Noël"
    type: fixed
    date: "12-25"

  - name: "Saint-Étienne"
    type: fixed
    date: "12-26"