country: IT
territories: [IT]

holidays:
  # Civil Holidays
  - name: "Jour de l’an"
    type: fixed
    date: "01-01"

  - name: "Fête de la Libération"
    type: fixed
    date: "04-25"

  - name: "Fête du Travail"
    type: fixed
    date: "05-01"

  - name: "Fête de la République"
    type: fixed
    date: "06-02"

  # Religious Holidays
  - name: "Épiphanie"
    type: fixed
    date: "01-06"

  - name: "Lundi de Pâques"
    type: easter
    offset: 1
    key: lundi_paques

  - name: "Assomption"
    type: fixed
    date: "08-15"

  - name: "Toussaint"
    type: fixed
    date: "11-01"

  - name: "Immaculée Conception"
    type: fixed
    date: "12-08"

  - name: "Noël"
    type: fixed
    date: "12-25"

  - name: "Saint-Étienne"
    type: fixed
    date: "12-26"