country: PT
territories: [PT]

holidays:
  # Civil Holidays
  - name: "Jour de l’an"
    type: fixed
    date: "01-01"

  - name: "Révolution des Œillets"
    type: fixed
    date: "04-25"

  - name: "Fête du Travail"
    type: fixed
    date: "05-01"

  - name: "Fête nationale"
    type: fixed
    date: "06-10"
    full_name: "Fête nationale du Portugal"

  - name: "Fête de la République"
    type: fixed
    date: "10-05"

  - name: "Toussaint"
    type: fixed
    date: "11-01"

  - name: "Restauration de l’Indépendance"
    type: fixed
    date: "12-01"

  - name: "Noël"
    type: fixed
    date: "12-25"

  # Religious Holidays
  - name: "Mardi gras"
    type: easter
    offset: -47
    key: mardi_gras

  - name: "Vendredi saint"
    type: easter
    offset: -2
    key: vendredi_saint

  - name: "Pâques"
    type: easter
    offset: 0
    key: paques

  - name: "Fête-Dieu"
    type: easter
    offset: 60
    key: fete_dieu

  - name: "Assomption"
    type: fixed
    date: "08-15"

  - name: "Immaculée Conception"
    type: fixed
    date: "12-08"